rnti,id,frame,slot,pci,timestamp,dlBytes,dlMcs,dlBler,ulBytes,ulMcs,ulBler,ri,pmi,phr,pcmax,rsrq,sinr,rsrp,rssi,cqi,pucchSnr,puschSnr
61f6,12345678,769,16,0,1691133220619,849,9,0.111,494,9,0.081,1,"(0,0)",39,23,missing,missing,-98,99.9,15,59,36
61f6,12345678,869,16,0,1691133221619,67836,10,0.043004,21900,10,0.039817,1,"(0,0)",35,23,-10.5,23.5,-97,96.4,15,22,32
61f6,12345678,969,16,0,1691133222619,239740,19,0.01666,59909,13,0.019044,1,"(0,0)",39,23,-10.5,23.5,-99,92.9,15,23,30
61f6,12345678,45,16,0,1691133223619,295829,21,0.005809,83999,14,0.009109,1,"(0,0)",42,23,-10.5,23.5,-95,95,15,20,30.5
61f6,12345678,145,16,0,1691133224619,313493,15,0.002026,92681,9,0.003529,1,"(0,0)",46,23,-10.5,23.5,-93,97.4,15,23,32.5
61f6,12345678,245,16,0,1691133225619,396978,20,0.000706,120077,12,0.001519,1,"(0,0)",37,23,-10.5,23.5,-95,92.9,15,22,30.5
61f6,12345678,345,16,0,1691133226619,525897,27,0.004594,151767,16,0.000654,1,"(0,0)",40,23,-10.5,23.5,-97,97.1,15,21,33
61f6,12345678,445,16,0,1691133227619,729854,27,0.001602,202645,19,0.045096,1,"(0,0)",44,23,-10.5,23.5,-95,99.8,15,17,36
61f6,12345678,545,16,0,1691133228619,808014,27,0.000559,220414,18,0.147026,1,"(0,0)",40,23,-10.5,23.5,-97,94.4,15,22,31
61f6,12345678,645,16,0,1691133229619,853982,27,0.000195,226959,16,0.075247,1,"(0,0)",44,23,-10.5,23.5,-96,95,15,22,30
61f6,12345678,745,16,0,1691133230619,2895535,25,6.8e-05,258750,15,0.029152,1,"(0,0)",49,23,-10.5,23.5,-95,97.7,15,23,33
61f6,12345678,845,16,0,1691133231619,49539657,27,0.086443,613589,21,0.096235,1,"(0,0)",49,22,-10.5,23.5,-96,100.1,15,18,35
61f6,12345678,945,16,0,1691133232619,93886178,27,0.077213,1211541,14,0.152316,1,"(0,0)",44,22,-10.5,22.5,-99,92,15,22,28
61f6,12345678,21,16,0,1691133233619,128203884,27,0.041264,1605597,14,0.071278,1,"(0,0)",49,22,-10.5,23.5,-100,106.1,15,22,40
61f6,12345678,121,16,0,1691133234619,158447282,27,0.020924,1993235,19,0.037826,1,"(0,0)",54,22,-10.5,23.5,-99,93.7,15,19,30.5
61f6,12345678,221,16,0,1691133235619,184517920,27,0.028578,2254069,16,0.122731,1,"(0,0)",47,22,-10.5,23.5,-96,98.5,15,19,28.5
61f6,12345678,321,16,0,1691133236619,214182279,23,0.09681,2508007,16,0.052832,1,"(0,0)",49,22,-10.5,23.5,-101,95,15,19,29
61f6,12345678,421,16,0,1691133237619,245055655,27,0.033756,2815159,18,0.073006,1,"(0,0)",52,22,-10.5,23.5,-94,89,15,18,24
61f6,12345678,521,16,0,1691133238619,272495533,25,0.073166,3116449,14,0.165121,1,"(0,0)",42,23,-10.5,23.5,-99,103.6,15,18,39
61f6,12345678,621,16,0,1691133239619,302438650,27,0.026117,3411625,13,0.078142,1,"(0,0)",48,23,-10.5,23.5,-93,102.2,15,21,37.5
61f6,12345678,721,16,0,1691133240619,335272138,27,0.011176,3733713,17,0.036179,1,"(0,0)",50,23,-10.5,23.5,-93,96.7,15,19,26.5
61f6,12345678,821,16,0,1691133241619,363115721,27,0.004449,4056801,18,0.050957,1,"(0,0)",54,23,-10.5,23.5,-92,98.3,15,20,32
61f6,12345678,921,16,0,1691133242619,390893971,27,0.002467,4441659,18,0.06339,1,"(0,0)",50,23,-10.5,23.5,-93,90.7,15,21,26.5
61f6,12345678,1021,16,0,1691133243619,416646924,27,0.001797,4726903,19,0.093948,1,"(0,0)",52,23,-10.5,23.5,-90,102,15,17,36.5
61f6,12345678,97,16,0,1691133244619,443355489,27,0.000627,4990686,19,0.104559,1,"(0,0)",54,23,-10.5,23.5,-90,102.3,15,19,33.5
61f6,12345678,197,16,0,1691133245619,468252789,27,0.000219,5319110,19,0.113172,1,"(0,0)",48,23,-10.5,23.5,-91,97.4,15,22,32.5
61f6,12345678,297,16,0,1691133246619,468278798,20,7.6e-05,5431282,14,0.049824,1,"(0,0)",43,23,-10.5,23.5,-92,100.4,15,21,29
61f6,12345678,397,16,0,1691133247619,468639001,27,0.048511,9738250,18,0.149035,1,"(0,0)",40,23,-10.5,23.5,-92,102.1,15,32,32
61f6,12345678,497,16,0,1691133248619,468954707,27,0.093726,13868881,12,0.158253,1,"(0,0)",37,23,-10.5,23.5,-93,104.1,15,47,33
61f6,12345678,597,16,0,1691133249619,469277256,27,0.101078,17216419,12,0.061087,1,"(0,0)",59,23,-10.5,23.5,-87,100.9,15,27,30
61f6,12345678,697,16,0,1691133250619,469631213,27,0.097297,21250937,19,0.063127,1,"(0,0)",64,23,-10.5,23.5,-80,100.7,15,45,31.5
61f6,12345678,797,16,0,1691133251619,470054143,27,0.090507,25934098,18,0.093121,1,"(0,0)",66,23,-10.5,23.5,-80,101.1,15,43,30
61f6,12345678,897,16,0,1691133252619,470413071,27,0.087212,31035295,18,0.056198,1,"(0,0)",58,23,-10.5,23.5,-89,99.9,15,27,30.5
61f6,12345678,997,16,0,1691133253619,470733256,27,0.100488,35476694,17,0.122458,1,"(0,0)",58,23,-10.5,23.5,-83,99.2,15,29,28
61f6,12345678,73,16,0,1691133254619,471109050,27,0.094478,40349980,18,0.047003,1,"(0,0)",58,23,-10.5,23.5,-83,97.7,15,36,27.5
61f6,12345678,173,16,0,1691133255619,471409749,27,0.085643,44559112,16,0.104453,1,"(0,0)",50,23,-10.5,23.5,-90,99.2,15,31,28.5
61f6,12345678,273,16,0,1691133256619,471728500,27,0.085944,48859119,18,0.068747,1,"(0,0)",52,23,-10.5,23.5,-91,100.1,15,24,29
61f6,12345678,373,16,0,1691133257619,472058647,27,0.104877,53525724,18,0.083783,1,"(0,0)",54,23,-10.5,23.5,-88,100.1,15,36,31
61f6,12345678,473,16,0,1691133258619,472363696,27,0.093507,57811142,16,0.119796,1,"(0,0)",47,23,-10.5,23.5,-96,99.2,15,32,28
61f6,12345678,573,16,0,1691133259619,472383997,19,0.044902,57948554,9,0.046411,1,"(0,0)",34,23,-10.5,23.5,-96,97.7,15,24,33
61f6,12345678,673,16,0,1691133260619,472431594,15,0.015656,58004880,10,0.022198,1,"(0,0)",37,23,-10.5,23.5,-96,92.9,15,22,29.5
61f6,12345678,773,16,0,1691133261619,472437406,9,0.005459,58009936,9,0.00774,1,"(0,0)",26,23,-10.5,23.5,-100,110,15,29,46
61f6,12345678,873,16,0,1691133262619,472509417,9,0.023773,58017083,10,0.003332,1,"(0,0)",36,23,-10.5,23.5,-100,94.4,15,29,31
61f6,12345678,973,16,0,1691133263619,472513385,9,0.044289,58020481,9,0.001291,1,"(0,0)",36,23,-10.5,23.5,-100,98.5,15,21,33.5
61f6,12345678,49,16,0,1691133264619,472515740,9,0.015443,58022374,9,0.07335,1,"(0,0)",37,23,-10.5,23.5,-96,106.2,15,21,31
61f6,12345678,149,16,0,1691133265619,472518111,9,0.005385,58024492,9,0.025576,1,"(0,0)",42,23,-10.5,23.5,-97,101.6,15,22,36.5
61f6,12345678,249,16,0,1691133266619,472520482,9,0.001877,58026578,9,0.008918,1,"(0,0)",52,23,-10.5,23.5,-99,103.4,15,20,30
61f6,12345678,349,16,0,1691133267619,472522853,9,0.000655,58028487,9,0.003109,1,"(0,0)",54,23,-10.5,23.5,-94,100.6,15,13,30.5
61f6,12345678,449,16,0,1691133268619,472524991,9,0.000228,58030589,9,0.001205,1,"(0,0)",37,23,-10.5,23.5,-91,109.8,15,31,44.5
61f6,12345678,549,16,0,1691133269619,472527563,9,8e-05,58032807,9,0.059469,1,"(0,0)",46,23,-10.5,23.5,-101,86,15,18,22.5
61f6,12345678,649,16,0,1691133270619,472554908,9,2.8e-05,58041327,9,0.034611,1,"(0,0)",46,23,-10.5,23.5,-99,95,15,20,30.5
61f6,12345678,749,16,0,1691133271619,472557279,9,1e-05,58043445,9,0.012068,1,"(0,0)",42,23,-10.5,23.5,-93,102.2,15,17,30.5
61f6,12345678,849,16,0,1691133272619,472559634,9,3e-06,58045338,9,0.004208,1,"(0,0)",42,23,-10.5,23.5,-95,103.2,15,20,29
61f6,12345678,949,16,0,1691133273619,472561788,9,1e-06,58047456,9,0.00163,1,"(0,0)",44,23,-10.5,23.5,-95,92.9,15,20,27
61f6,12345678,25,16,0,1691133274619,472564939,9,0,58049632,9,0.000568,1,"(0,0)",39,23,-10.5,23.5,-92,92.9,15,22,29
61f6,12345678,125,16,0,1691133275619,472567310,9,0,58051649,9,0.00022,1,"(0,0)",44,23,-10.5,23.5,-92,92,15,19,27.5
61f6,12345678,225,16,0,1691133276619,472571118,9,0,58054131,9,7.7e-05,1,"(0,0)",44,23,-10.5,23.5,-92,105.8,15,21,28.5
61f6,12345678,325,16,0,1691133277619,472573473,9,0,58056040,9,2.7e-05,1,"(0,0)",46,23,-10.5,23.5,-99,100.3,15,16,28
61f6,12345678,425,16,0,1691133278619,472593167,10,0,58069268,10,1e-05,1,"(0,0)",40,23,-10.5,23.5,-91,93.7,15,22,30
61f6,12345678,525,16,0,1691133279619,472610849,9,0,58078193,9,4e-06,1,"(0,0)",40,23,-10.5,23.5,-92,104.3,15,21,27.5
61f6,12345678,625,16,0,1691133280619,472613204,9,0,58080295,9,1e-06,1,"(0,0)",39,23,-10.5,23.5,-90,100.1,15,24,36
61f6,12345678,725,16,0,1691133281619,472637213,10,0,58087103,10,1e-06,1,"(0,0)",42,23,-10.5,23.5,-90,95.5,15,23,31.5
61f6,12345678,825,16,0,1691133282619,472659418,9,0.055833,58135638,12,0.02,1,"(0,0)",50,23,-10.5,23.5,-93,89,15,21,26.5
61f6,12345678,925,16,0,1691133283619,472661572,9,0.019468,58137579,9,0.007749,1,"(0,0)",50,23,-10.5,23.5,-92,92,15,20,28
61f6,12345678,1,16,0,1691133284619,472663927,9,0.006788,58139665,9,0.002702,1,"(0,0)",38,23,-10.5,23.5,-94,114.7,15,29,32
61f6,12345678,101,16,0,1691133285619,472666515,9,0.067977,58141791,9,0.059991,1,"(0,0)",44,22,-10.5,23.5,-95,95,15,18,31
61f6,12345678,201,16,0,1691133286619,472668886,9,0.071532,58143877,9,0.020918,1,"(0,0)",34,22,-10.5,23.5,-92,109.7,15,27,27.5
61f6,12345678,301,16,0,1691133287619,472671257,9,0.024942,58145786,9,0.007294,1,"(0,0)",38,22,-10.5,23.5,-96,114.7,15,27,31.5
61f6,12345678,401,16,0,1691133288619,472673395,9,0.008697,58147888,9,0.002826,1,"(0,0)",44,22,-10.5,23.5,-97,101.4,15,24,37
61f6,12345678,501,16,0,1691133289619,472675766,9,0.056176,58149670,6,0.113178,1,"(0,0)",35,23,-10.5,23.5,-97,108.3,15,23,28
61f6,12345678,601,16,0,1691133290619,472678137,9,0.019588,58151144,6,0.039463,1,"(0,0)",31,23,-10.5,23.5,-94,103.6,15,27,38.5
61f6,12345678,701,16,0,1691133291619,472690981,9,0.017244,58155644,6,0.015289,1,"(0,0)",32,23,-10.5,23.5,-95,86,15,21,23
61f6,12345678,801,16,0,1691133292619,472696878,9,0.053842,58158109,6,0.005331,1,"(0,0)",37,22,-10.5,23.5,-94,92,15,15,28
61f6,12345678,901,16,0,1691133293619,472755780,10,0.018774,58169200,8,0.017295,1,"(0,0)",39,22,-10.5,23.5,-89,101.3,15,23,30
61f6,12345678,1001,16,0,1691133294619,472955653,15,0.006546,58184705,9,0.0067,1,"(0,0)",46,22,-10.5,23.5,-94,95,15,20,31
61f6,12345678,77,16,0,1691133295619,472961603,9,0.002282,58186990,9,0.002596,1,"(0,0)",46,22,-10.5,23.5,-95,92.9,15,19,28
61f6,12345678,177,16,0,1691133296619,472967103,9,0.000796,58189740,9,0.001117,1,"(0,0)",34,22,-10.5,23.5,-96,92,15,18,27.5
61f6,12345678,277,16,0,1691133297619,472969474,9,0.000277,58191697,9,0.00039,1,"(0,0)",42,22,-10.5,23.5,-93,98.3,15,15,29.5
61f6,12345678,377,16,0,1691133298619,472971628,9,9.7e-05,58193799,9,0.000151,1,"(0,0)",40,23,-10.5,23.5,-95,92.9,15,22,29
61f6,12345678,477,16,0,1691133299619,472974216,9,0.045034,58196335,9,5.3e-05,1,"(0,0)",36,23,-10.5,23.5,-94,94.4,15,12,30
61f6,12345678,577,16,0,1691133300619,472985632,9,0.015702,58203085,9,0.011832,1,"(0,0)",37,23,-10.5,23.5,-99,92.9,15,19,28
61f6,12345678,677,16,0,1691133301619,473001085,9,0.078375,58205112,9,0.077484,1,"(0,0)",42,23,-10.5,23.5,-94,99.6,15,21,27.5
61f6,12345678,777,16,0,1691133302619,473003456,9,0.027328,58207051,9,0.027017,1,"(0,0)",36,23,-10.5,23.5,-94,100.9,15,27,35
61f6,12345678,877,16,0,1691133303619,473006959,9,0.009529,58209001,9,0.01163,1,"(0,0)",48,23,-10.5,23.5,-92,92,15,20,27
61f6,12345678,977,16,0,1691133304619,473031741,10,0.003322,58213607,9,0.004055,1,"(0,0)",38,23,-10.5,23.5,-90,95.5,15,20,31.5
61f6,12345678,53,16,0,1691133305619,473049363,9,0.001158,58220587,9,0.001571,1,"(0,0)",37,23,-10.5,23.5,-92,95,15,19,30
61f6,12345678,153,16,0,1691133306619,473051734,9,0.000404,58222673,9,0.000548,1,"(0,0)",42,23,-10.5,23.5,-93,109.5,15,21,31.5
61f6,12345678,253,16,0,1691133307619,473054105,9,0.000141,58224582,9,0.000191,1,"(0,0)",42,23,-10.5,23.5,-92,97.4,15,22,32.5
61f6,12345678,353,16,0,1691133308619,473056243,9,4.9e-05,58226684,9,7.4e-05,1,"(0,0)",42,23,-10.5,23.5,-92,93.7,15,19,30.5
61f6,12345678,453,16,0,1691133309619,473058598,9,1.7e-05,58228786,9,2.6e-05,1,"(0,0)",42,23,-10.5,23.5,-92,96,15,20,33
61f6,12345678,553,16,0,1691133310619,473060969,9,6e-06,58230888,9,9e-06,1,"(0,0)",40,23,-10.5,23.5,-93,93.7,15,16,30
61f6,12345678,653,16,0,1691133311619,473063340,9,2e-06,58232990,9,3e-06,1,"(0,0)",42,23,-10.5,23.5,-92,96,15,20,30.5
61f6,12345678,753,16,0,1691133312619,473066390,9,1e-06,58235139,9,1e-06,1,"(0,0)",42,23,-10.5,23.5,-93,96,15,23,32
61f6,12345678,853,16,0,1691133313619,473068544,9,0,58236986,9,0,1,"(0,0)",46,23,-10.5,23.5,-93,103.7,15,19,29
61f6,12345678,953,16,0,1691133314619,473070698,9,0,58239104,9,0,1,"(0,0)",46,23,-10.5,23.5,-91,97.7,15,24,34.5
61f6,12345678,29,16,0,1691133315619,473073069,9,0,58241190,9,0,1,"(0,0)",35,23,-10.5,23.5,-91,110,15,30,31
61f6,12345678,129,16,0,1691133316619,473098813,11,0,58250910,10,0,1,"(0,0)",40,23,-10.5,23.5,-94,98.7,15,21,34
61f6,12345678,229,16,0,1691133317619,473103422,9,0,58253244,9,0,1,"(0,0)",42,23,-10.5,23.5,-94,97.1,15,24,33
61f6,12345678,329,16,0,1691133318619,473105777,9,0.021523,58255137,9,0,1,"(0,0)",38,23,-10.5,23.5,-95,108.7,15,30,26
61f6,12345678,429,16,0,1691133319619,473107931,9,0.007505,58257239,9,0,1,"(0,0)",36,23,-10.5,23.5,-96,92,15,14,28.5
61f6,12345678,529,16,0,1691133320619,473110286,9,0.092617,58259341,9,0,1,"(0,0)",35,23,-10.5,23.5,-99,93.7,15,21,28
61f6,12345678,629,16,0,1691133321619,473122539,9,0.032293,58263759,9,0,1,"(0,0)",46,23,-10.5,23.5,-98,89,15,17,24.5
61f6,12345678,729,16,0,1691133322619,473124910,9,0.01126,58265877,9,0,1,"(0,0)",46,23,-10.5,23.5,-99,102,15,17,31
61f6,12345678,829,16,0,1691133323619,473127932,9,0.003926,58267909,9,0,1,"(0,0)",46,23,-10.5,23.5,-94,102.3,15,21,28.5
61f6,12345678,929,16,0,1691133324619,473130070,9,0.001369,58269818,9,0,1,"(0,0)",44,23,-10.5,23.5,-94,92.9,15,22,29
61f6,12345678,5,16,0,1691133325619,473132441,9,0.000477,58271904,9,0,1,"(0,0)",44,23,-10.5,23.5,-95,102.9,15,19,29
61f6,12345678,105,16,0,1691133326619,473134796,9,0.000166,58274022,9,0,1,"(0,0)",44,23,-10.5,23.5,-95,92.9,15,21,27.5
61f6,12345678,205,16,0,1691133327619,473137167,9,5.8e-05,58276108,9,0,1,"(0,0)",44,23,-10.5,23.5,-95,102.5,15,22,28.5
61f6,12345678,305,16,0,1691133328619,473139522,9,2e-05,58278017,9,0,1,"(0,0)",44,23,-10.5,23.5,-95,101.9,15,17,29
61f6,12345678,405,16,0,1691133329619,473141676,9,7e-06,58280119,9,0,1,"(0,0)",42,23,-10.5,23.5,-96,93.7,15,20,29.5
61f6,12345678,505,16,0,1691133330619,473144047,9,2e-06,58282221,9,0,1,"(0,0)",42,23,-10.5,23.5,-96,104.3,15,19,29.5
61f6,12345678,605,16,0,1691133331619,473146418,9,1e-06,58284323,9,0,1,"(0,0)",42,23,-10.5,23.5,-97,94.4,15,21,31.5
61f6,12345678,705,16,0,1691133332619,473207218,10,0,58291750,10,0,1,"(0,0)",38,23,-10.5,23.5,-96,98.3,15,24,34.5
61f6,12345678,805,16,0,1691133333619,473211531,9,0,58293976,9,0.00615,1,"(0,0)",46,23,-10.5,23.5,-95,102.1,15,20,30.5
61f6,12345678,905,16,0,1691133334619,473213685,9,0.09,58296094,9,0.102382,1,"(0,0)",32,23,-10.5,23.5,-95,86,15,17,21
61f6,12345678,1005,16,0,1691133335619,473215676,7,0.074428,58298180,9,0.035699,1,"(0,0)",30,23,-10.5,23.5,-94,103.5,15,24,29.5
61f6,12345678,81,16,0,1691133336619,473226223,8,0.025951,58302352,9,0.01383,1,"(0,0)",26,23,-10.5,23.5,-96,106.7,15,29,28.5
61f6,12345678,181,16,0,1691133337619,473279825,8,0.009049,58308104,9,0.065003,1,"(0,0)",42,22,-10.5,23.5,-96,90.7,15,18,27
61f6,12345678,281,16,0,1691133338619,473294878,8,0.003155,58310998,9,0.025183,1,"(0,0)",42,22,-10.5,23.5,-93,96.4,15,21,32
61f6,12345678,381,16,0,1691133339619,473296872,8,0.0011,58312939,9,0.009757,1,"(0,0)",42,22,-10.5,23.5,-92,96,15,24,31.5
61f6,12345678,481,16,0,1691133340619,473299051,8,0.000384,58315041,9,0.003402,1,"(0,0)",42,22,-10.5,23.5,-92,106.9,15,21,30.5
61f6,12345678,581,16,0,1691133341619,473301246,8,0.000134,58317143,9,0.001186,1,"(0,0)",42,22,-10.5,23.5,-93,94.4,15,22,30.5
61f6,12345678,681,16,0,1691133342619,473303984,8,4.7e-05,58319037,9,0.00046,1,"(0,0)",44,22,-10.5,23.5,-94,104.9,15,22,29
61f6,12345678,781,16,0,1691133343619,473306179,8,1.6e-05,58320930,9,0.00016,1,"(0,0)",42,22,-10.5,23.5,-93,103.4,15,24,29
61f6,12345678,881,16,0,1691133344619,473308157,8,6e-06,58323048,9,6.2e-05,1,"(0,0)",42,22,-10.5,23.5,-93,96,15,24,32.5
61f6,12345678,981,16,0,1691133345619,473310352,8,2e-06,58325134,9,2.2e-05,1,"(0,0)",44,22,-10.5,23.5,-92,105.9,15,22,31
61f6,12345678,57,16,0,1691133346619,473313025,8,1e-06,58327581,9,8e-06,1,"(0,0)",42,22,-10.5,23.5,-90,92.9,15,19,29.5
61f6,12345678,157,16,0,1691133347619,473391433,12,0,58339159,10,3e-06,1,"(0,0)",40,22,-10.5,23.5,-92,95,15,22,31.5
61f6,12345678,257,16,0,1691133348619,473430212,12,0,58349145,9,1e-06,1,"(0,0)",44,22,-10.5,23.5,-92,103.4,15,20,29.5
61f6,12345678,357,16,0,1691133349619,473433286,9,0,58351515,9,0,1,"(0,0)",44,22,-10.5,23.5,-92,90.7,15,19,26.5
61f6,12345678,457,16,0,1691133350619,473435641,9,0,58353617,9,0,1,"(0,0)",44,22,-10.5,23.5,-92,104,15,22,29
61f6,12345678,557,16,0,1691133351619,473438647,9,0,58355764,9,0,1,"(0,0)",46,22,-10.5,23.5,-92,94.4,15,23,30
61f6,12345678,657,16,0,1691133352619,473441002,9,0,58357866,9,0,1,"(0,0)",46,22,-10.5,23.5,-92,103.9,15,24,29.5
61f6,12345678,757,16,0,1691133353619,473443854,9,0,58359744,9,0,1,"(0,0)",46,22,-10.5,23.5,-92,105.2,15,22,30
61f6,12345678,857,16,0,1691133354619,473446008,9,0,58361862,9,0,1,"(0,0)",46,22,-10.5,23.5,-92,92.9,15,21,28
61f6,12345678,957,16,0,1691133355619,473448379,9,0,58363948,9,0,1,"(0,0)",46,22,-10.5,23.5,-92,103.9,15,21,30
61f6,12345678,33,16,0,1691133356619,473450734,9,0,58366066,9,0,1,"(0,0)",46,22,-10.5,23.5,-92,94.4,15,22,31
61f6,12345678,133,16,0,1691133357619,473453105,9,0,58368152,9,0,1,"(0,0)",46,22,-10.5,23.5,-92,102.3,15,21,30.5
61f6,12345678,233,16,0,1691133358619,473455460,9,0,58370061,9,0,1,"(0,0)",44,22,-10.5,23.5,-92,94.4,15,19,30.5
61f6,12345678,333,16,0,1691133359619,473457614,9,0,58372163,9,0,1,"(0,0)",44,22,-10.5,23.5,-91,92.9,15,15,28
61f6,12345678,433,16,0,1691133360619,473459969,9,0,58374265,9,0,1,"(0,0)",42,22,-10.5,23.5,-93,96,15,22,31.5
61f6,12345678,533,16,0,1691133361619,473462340,9,0,58376367,9,0,1,"(0,0)",42,22,-10.5,23.5,-92,95,15,18,30
61f6,12345678,633,16,0,1691133362619,473464711,9,0,58378469,9,0,1,"(0,0)",42,22,-10.5,23.5,-92,96,15,23,33
61f6,12345678,733,16,0,1691133363619,473467082,9,0,58380525,9,0,1,"(0,0)",42,22,-10.5,23.5,-92,99.2,15,22,34
61f6,12345678,833,16,0,1691133364619,473469220,9,0,58382372,9,0,1,"(0,0)",48,22,-10.5,23.5,-92,104.9,15,20,30
61f6,12345678,933,16,0,1691133365619,473471374,9,0,58384490,9,0,1,"(0,0)",50,22,-10.5,23.5,-92,94.4,15,19,30
61f6,12345678,9,16,0,1691133366619,473473745,9,0,58386576,9,0,1,"(0,0)",50,22,-10.5,23.5,-91,103.2,15,20,29.5
61f6,12345678,109,16,0,1691133367619,473476100,9,0,58388694,9,0,1,"(0,0)",48,22,-10.5,23.5,-91,94.4,15,22,30
61f6,12345678,209,16,0,1691133368619,473488965,9,0,58393663,9,0,1,"(0,0)",48,22,-10.5,23.5,-91,93.7,15,20,29.5
61f6,12345678,309,16,0,1691133369619,473491336,9,0,58395572,9,0,1,"(0,0)",46,22,-10.5,23.5,-91,105.9,15,21,30
61f6,12345678,409,16,0,1691133370619,473494035,9,0,58397868,9,0,1,"(0,0)",46,22,-10.5,23.5,-95,96.4,15,21,32
61f6,12345678,509,16,0,1691133371619,473496406,9,0,58400004,9,0,1,"(0,0)",50,22,-10.5,23.5,-92,99,15,23,33.5
61f6,12345678,609,16,0,1691133372619,473498761,9,0,58402122,9,0,1,"(0,0)",56,22,-10.5,23.5,-91,92,15,20,28
61f6,12345678,709,16,0,1691133373619,473501132,9,0,58404224,9,0,1,"(0,0)",50,22,-10.5,23.5,-90,109.8,15,24,30
61f6,12345678,809,16,0,1691133374619,473538004,11,0,58417027,10,0,1,"(0,0)",54,22,-10.5,23.5,-95,89,15,21,26.5
61f6,12345678,909,16,0,1691133375619,473572104,9,0,58434472,9,0,1,"(0,0)",56,22,-10.5,23.5,-93,83.5,15,21,16
61f6,12345678,1009,15,0,1691133376619,473600669,10,0,58449347,9,0,1,"(0,0)",48,22,-10.5,23.5,-92,92.9,15,19,29.5
61f6,12345678,85,16,0,1691133377619,473642048,9,0,58471356,10,0,1,"(0,0)",52,22,-10.5,23.5,-94,96.4,15,23,32.5
61f6,12345678,185,15,0,1691133378619,473802768,14,0,58511779,14,0,1,"(0,0)",48,22,-10.5,23.5,-96,97.1,15,18,31
61f6,12345678,285,16,0,1691133379619,473902984,20,0,58532645,19,0,1,"(0,0)",52,22,-10.5,23.5,-90,99.2,15,20,34
61f6,12345678,385,16,0,1691133380619,473938360,22,0,58539999,22,0.029847,1,"(0,0)",56,22,-10.5,23.5,-90,86,15,18,24.5
61f6,12345678,485,16,0,1691133381619,473986451,26,0,58546243,20,0.126923,1,"(0,0)",56,22,-10.5,23.5,-92,86,15,16,23
61f6,12345678,585,15,0,1691133382619,474010677,20,0,58552064,15,0.049172,1,"(0,0)",50,22,-10.5,23.5,-90,93.7,15,21,29
61f6,12345678,685,16,0,1691133383619,517227821,27,0,58738030,24,0.044291,1,"(0,0)",58,19,-10.5,23.5,-90,97.7,15,21,32.5
61f6,12345678,785,16,0,1691133384619,563625720,27,0.000917,59359097,19,0.1506,1,"(0,0)",55,22,-10.5,23.5,-91,97.1,15,19,32.5
61f6,12345678,885,16,0,1691133385619,596756385,27,0.003761,59873197,15,0.100291,1,"(0,0)",50,22,-10.5,23.5,-91,94.4,15,21,30.5
61f6,12345678,985,16,0,1691133386619,632058009,27,0.002197,60261283,15,0.048421,1,"(0,0)",51,22,-10.5,23.5,-94,100.1,15,21,35.5
61f6,12345678,61,15,0,1691133387619,671126453,27,0.001192,60619106,18,0.117544,1,"(0,0)",59,22,-10.5,23.5,-96,92,15,21,26.5
61f6,12345678,161,16,0,1691133388619,707937128,27,0.000787,60924913,14,0.205108,1,"(0,0)",49,22,-10.5,23.5,-92,95,15,22,29
61f6,12345678,261,15,0,1691133389619,735041359,27,0.000274,61186561,11,0.085203,1,"(0,0)",46,22,-10.5,23.5,-91,98.3,15,18,33.5
61f6,12345678,361,16,0,1691133390619,766551161,27,0.000701,61487449,12,0.053041,1,"(0,0)",53,22,-10.5,23.5,-90,105.2,15,19,48
61f6,12345678,461,15,0,1691133391619,800194445,27,0.000244,61780166,14,0.053945,1,"(0,0)",52,22,-10.5,23.5,-90,92.9,15,19,28.5
61f6,12345678,561,16,0,1691133392619,827246722,27,0.002711,62027576,15,0.086401,1,"(0,0)",52,22,-10.5,23.5,-88,98.7,15,18,34
61f6,12345678,661,16,0,1691133393619,864274532,27,0.000945,62320248,13,0.189457,1,"(0,0)",43,22,-10.5,23.5,-88,100.6,15,21,35.5
61f6,12345678,761,16,0,1691133394619,864619905,19,0.00033,62404056,9,0.069582,1,"(0,0)",48,22,-10.5,23.5,-88,105.2,15,18,31
61f6,12345678,861,16,0,1691133395619,864623051,9,0.000115,62406174,9,0.026957,1,"(0,0)",50,22,-10.5,23.5,-88,96,15,21,31.5
61f6,12345678,961,16,0,1691133396619,864767892,16,0.001755,64628822,15,0.070938,1,"(0,0)",47,22,-10.5,23.5,-88,100.6,15,21,30
61f6,12345678,37,16,0,1691133397619,865067648,24,0.056626,68694522,18,0.193207,1,"(0,0)",51,22,-10.5,23.5,-93,100.3,15,21,29
61f6,12345678,137,16,0,1691133398619,865368722,24,0.077677,72920228,15,0.07961,1,"(0,0)",43,22,-10.5,23.5,-91,101,15,24,31.5
61f6,12345678,237,16,0,1691133399619,865675319,24,0.079688,77028077,15,0.050329,1,"(0,0)",44,22,-10.5,23.5,-96,99.9,15,24,29
61f6,12345678,337,16,0,1691133400619,865972132,25,0.045651,81336035,17,0.134931,1,"(0,0)",48,22,-10.5,23.5,-96,99.2,15,21,28
61f6,12345678,437,16,0,1691133401619,866274703,27,0.075187,85039746,12,0.124152,1,"(0,0)",44,22,-10.5,23.5,-97,99.8,15,32,28.5
61f6,12345678,537,16,0,1691133402619,866569811,27,0.089497,88222542,12,0.050654,1,"(0,0)",38,22,-10.5,23.5,-98,101.7,15,28,30.5
61f6,12345678,637,16,0,1691133403619,866914147,27,0.10013,92334138,18,0.100006,1,"(0,0)",47,23,-10.5,23.5,-99,99,15,36,27.5
61f6,12345678,737,16,0,1691133404619,867270208,27,0.097754,96894063,18,0.174513,1,"(0,0)",46,23,-10.5,23.5,-97,98.3,15,24,28
61f6,12345678,837,16,0,1691133405619,867503043,27,0.133893,100463913,14,0.094957,1,"(0,0)",39,23,-10.5,23.5,-97,102.3,15,31,30
61f6,12345678,937,16,0,1691133406619,867715817,27,0.124272,103576886,16,0.047907,1,"(0,0)",44,23,-10.5,23.5,-96,98.5,15,24,34.5
61f6,12345678,13,16,0,1691133407619,867733432,18,0.043331,103582946,9,0.029322,1,"(0,0)",42,23,-10.5,23.5,-94,100.9,15,17,24.5
61f6,12345678,113,16,0,1691133408619,867796305,20,0.015109,103647894,9,0.012622,1,"(0,0)",42,23,-10.5,23.5,-96,95.5,15,21,32.5
61f6,12345678,213,16,0,1691133409619,867898375,20,0.005268,103680553,11,0.00489,1,"(0,0)",39,23,-10.5,23.5,-96,97.1,15,19,32.5
61f6,12345678,313,16,0,1691133410619,867947678,16,0.001837,103697776,11,0.002105,1,"(0,0)",42,23,-10.5,23.5,-100,107.1,15,20,29.5
61f6,12345678,413,16,0,1691133411619,868022077,14,0.00064,103710365,11,0.000816,1,"(0,0)",42,23,-10.5,23.5,-99,94.4,15,24,30
61f6,12345678,513,16,0,1691133412619,868027784,9,0.000223,103713080,9,0.000351,1,"(0,0)",44,23,-10.5,23.5,-98,92,15,13,28
61f6,12345678,613,16,0,1691133413619,868032272,9,7.8e-05,103715010,9,0.000136,1,"(0,0)",39,23,-10.5,23.5,-99,96,15,15,31
61f6,12345678,713,15,0,1691133414619,868035892,9,2.7e-05,103717075,9,5.3e-05,1,"(0,0)",36,23,-10.5,22,-103,99.6,15,27,35.5
61f6,12345678,813,16,0,1691133415619,868039512,9,9e-06,103718867,9,2e-05,1,"(0,0)",39,23,-10.5,22,-103,97.7,15,24,34.5
61f6,12345678,913,16,0,1691133416619,868041867,9,3e-06,103721003,9,7e-06,1,"(0,0)",44,23,-10.5,21.5,-104,98,15,24,34
61f6,12345678,1013,16,0,1691133417619,868046789,9,1e-06,103723108,9,3e-06,1,"(0,0)",54,22,-10.5,23.5,-99,83.3,15,11,18.5
61f6,12345678,89,15,0,1691133418619,868049160,9,0.038742,103725226,9,1e-06,1,"(0,0)",46,22,-10.5,23.5,-98,90.7,15,18,26.5
61f6,12345678,189,16,0,1691133419619,868051965,9,0.013509,103727211,9,0,1,"(0,0)",44,22,-10.5,23.5,-98,102.5,15,20,28
61f6,12345678,289,16,0,1691133420619,868054320,9,0.00471,103729120,9,0,1,"(0,0)",44,22,-10.5,23.5,-97,102.9,15,21,28
61f6,12345678,389,16,0,1691133421619,868056474,9,0.001642,103731222,9,0,1,"(0,0)",42,22,-10.5,23.5,-98,97.1,15,24,32
61f6,12345678,489,15,0,1691133422619,868058845,9,0.000573,103733324,9,0,1,"(0,0)",44,22,-10.5,23.5,-100,104.7,15,21,30
61f6,12345678,589,16,0,1691133423619,868061216,9,0.0002,103735426,9,0,1,"(0,0)",44,22,-10.5,23.5,-100,97.7,15,23,35
61f6,12345678,689,15,0,1691133424619,868063555,9,7e-05,103737528,9,0,1,"(0,0)",46,22,-10.5,23.5,-101,105.9,15,23,28
61f6,12345678,789,16,0,1691133425619,868065926,9,2.4e-05,103739421,9,0,1,"(0,0)",46,22,-10.5,23.5,-99,103,15,18,29.5
61f6,12345678,889,16,0,1691133426619,868068080,9,8e-06,103741539,9,0,1,"(0,0)",44,22,-10.5,23.5,-99,98.3,15,24,34
61f6,12345678,989,15,0,1691133427619,868070451,9,3e-06,103743625,9,0,1,"(0,0)",50,22,-10.5,23.5,-97,102.2,15,15,30.5
61f6,12345678,65,16,0,1691133428619,868072806,9,1e-06,103745743,9,0,1,"(0,0)",48,22,-10.5,23.5,-95,93.7,15,17,29
61f6,12345678,165,16,0,1691133429619,868075177,9,0,103747829,9,0,1,"(0,0)",50,22,-10.5,23.5,-94,101.4,15,17,29.5
61f6,12345678,265,15,0,1691133430619,868077548,9,0,103749738,9,0,1,"(0,0)",46,22,-10.5,23.5,-94,99.4,15,17,31
61f6,12345678,365,16,0,1691133431619,868079702,9,0,103751840,9,0,1,"(0,0)",44,22,-10.5,23.5,-93,96.7,15,22,31.5
61f6,12345678,465,15,0,1691133432619,868082041,9,0,103753942,9,0,1,"(0,0)",46,22,-10.5,23.5,-94,105.1,15,21,30.5
61f6,12345678,565,16,0,1691133433619,868084412,9,0,103756044,9,0,1,"(0,0)",46,22,-10.5,23.5,-92,94.4,15,22,29.5
61f6,12345678,665,15,0,1691133434619,868086783,9,0,103758146,9,0,1,"(0,0)",46,22,-10.5,23.5,-93,105.6,15,16,30
61f6,12345678,765,16,0,1691133435619,868089154,9,0,103760039,9,0,1,"(0,0)",46,22,-10.5,23.5,-93,103.7,15,19,29
61f6,12345678,865,15,0,1691133436619,868091292,9,0,103762157,9,0,1,"(0,0)",46,22,-10.5,23.5,-94,94.4,15,24,30.5
61f6,12345678,965,16,0,1691133437619,868093663,9,0,103764243,9,0,1,"(0,0)",46,22,-10.5,23.5,-94,102.1,15,16,28
61f6,12345678,41,15,0,1691133438619,868096034,9,0,103766361,9,0,1,"(0,0)",46,22,-10.5,23.5,-93,96.7,15,23,32.5
61f6,12345678,141,15,0,1691133439619,868098405,9,0,103768447,9,0,1,"(0,0)",44,22,-10.5,23.5,-94,107,15,22,29.5
61f6,12345678,241,16,0,1691133440619,868100744,9,0,103770356,9,0,1,"(0,0)",46,22,-10.5,23.5,-95,104.3,15,21,28.5
61f6,12345678,341,16,0,1691133441619,868102898,9,0,103772458,9,0,1,"(0,0)",46,22,-10.5,23.5,-95,94.4,15,22,30
61f6,12345678,441,16,0,1691133442619,868105269,9,0,103774560,9,0,1,"(0,0)",46,22,-10.5,23.5,-94,104.9,15,22,29
61f6,12345678,541,16,0,1691133443619,868107640,9,0,103776662,9,0,1,"(0,0)",46,22,-10.5,23.5,-94,89,15,17,26
61f6,12345678,641,16,0,1691133444619,868109995,9,0,103778764,9,0,1,"(0,0)",46,22,-10.5,23.5,-94,105.6,15,19,28
61f6,12345678,741,16,0,1691133445619,868112366,9,0,103780657,9,0,1,"(0,0)",46,22,-10.5,23.5,-95,104.6,15,19,28.5
61f6,12345678,841,16,0,1691133446619,868114520,9,0,103782775,9,0,1,"(0,0)",44,22,-10.5,23.5,-94,96.4,15,21,32.5
61f6,12345678,941,16,0,1691133447619,868116891,9,0,103784861,9,0,1,"(0,0)",46,22,-10.5,23.5,-94,106.2,15,22,29.5
61f6,12345678,17,16,0,1691133448619,868119230,9,0,103786979,9,0,1,"(0,0)",46,22,-10.5,23.5,-94,95.5,15,19,31.5
61f6,12345678,117,16,0,1691133449619,868121601,9,0,103789065,9,0,1,"(0,0)",48,22,-10.5,23.5,-94,104.3,15,21,29
61f6,12345678,217,15,0,1691133450619,868123972,9,0,103790974,9,0,1,"(0,0)",48,22,-10.5,23.5,-94,103.1,15,20,29
